
--------------------------------------------------
-- INSERT NHAKHOAHOC:  Họ - Email cá nhân - tên - địa chỉ - chuyên môn - vai trò
-- Vai trò: TACGIA, BIENTAPVIEN, NGUOIPHANBIEN


-- 6 biên tập viên
INSERT INTO NHAKHOAHOC VALUES (N'Quách Minh',N'Tuấn','minhtuan2001@gmail.com',N'Đồng Nai','Computer Science','2001-07-10','100001',N'Hồ Chí Minh',N'Biên tập viên');
INSERT INTO NHAKHOAHOC VALUES (N'Nguyễn Thành',N'Nhân','nhannguyen464@gmail.com',N'Nghệ An','Computer Science','1997-03-11','100002',N'Huế',N'Biên tập viên');
INSERT INTO NHAKHOAHOC VALUES (N'Lê Phú',N'Lộc','locle543@gmail.com',N'Hà Tĩnh','Mechanical Engineering','2000-12-22','100003',N'Đà Nẵng',N'Biên tập viên');
INSERT INTO NHAKHOAHOC VALUES (N'Nguyễn Phúc Kiều',N'Ly','lyly2001@gmail.com',N'Hồ Chí Minh','Mechanical Engineering','2000-12-22','100004',N'Đà Nẵng',N'Biên tập viên');
INSERT INTO NHAKHOAHOC VALUES (N'Võ Anh',N'Nguyên','rongAkka@gmail.com',N'Kon Tum','Architecture','1997-12-12','100005',N'Hồ Chí Minh',N'Biên tập viên');
INSERT INTO NHAKHOAHOC VALUES (N'Võ Hồng',N'Phúc','hongphucvo0809@gmail.com',N'Cần Thơ','Computer Engineering','1997-03-11','100006',N'Hồ Chí Minh',N'Biên tập viên');

--8 người phản biện
INSERT INTO NHAKHOAHOC VALUES (N'Nguyễn Trường Hải',N'Đăng','seadan456@gmail.com',N'An Giang','Computer Science','2000-07-14','200001',N'Hồ Chí Minh','Fresher');
INSERT INTO NHAKHOAHOC VALUES (N'Trương Yến',N'Nhi','hellokitty@gmail.com',N'An Giang','Computer Science','1995-11-22','200002',N'Hồ Chí Minh','Senior');
INSERT INTO NHAKHOAHOC VALUES (N'Lưu Ngọc Thùy',N'An','anan@gmail.com',N'Đồng Nai','Mechanical Engineering','1997-01-03','200003',N'Hồ Chí Minh','Product Manager');
INSERT INTO NHAKHOAHOC VALUES (N'Lý Thanh',N'Bách','lyback@gmail.com',N'An Giang','Electrical Engineering','1995-09-29','200004',N'Hồ Chí Minh',N'Kỹ sư điện');
INSERT INTO NHAKHOAHOC VALUES (N'Ngô Lê Quốc',N'Dũng','koldunj@gmail.com',N'Thanh Hóa','Architecture','1994-12-10','200005',N'Đà Nẵng',N'Kiến trúc sư');
INSERT INTO NHAKHOAHOC VALUES (N'Châu Trần Hồng',N'Hà','hongha@gmail.com',N'Bạc Liêu','Electrical Engineering','2001-10-28','200006',N'Hồ Chí Minh',N'Kỹ sư điện');
INSERT INTO NHAKHOAHOC VALUES (N'Lương Thị Quỳnh',N'Hương','helloworld@gmail.com',N'Bình Thuận','Computer Engineering','2001-05-05','200007',N'Hồ Chí Minh','Web design');
INSERT INTO NHAKHOAHOC VALUES (N'Nguyễn Gia',N'Khiêm','khiemne@gmail.com',N'Cà Mau','Mechanical Engineering','1999-01-29','200008',N'Hồ Chí Minh',N'Kỹ sư cơ khí');

--11 người tác giả
INSERT INTO NHAKHOAHOC VALUES (N'Nguyễn Kim Phương','Trang','ngkimphuongtrang@gmail.com',N'Phú Yên','Computer Science','1999-09-18','300001',N'Huế','Data science');
INSERT INTO NHAKHOAHOC VALUES (N'Nguyễn Ngọc Kim',N'Ngân','kina@gmail.com',N'Quảng Ngãi','Computer Science','2000-03-26','300002',N'Đà Nẵng','Machine Learning engineering');
INSERT INTO NHAKHOAHOC VALUES (N'Trần Trung',N'Tuấn','trantt@gmail.com',N'Quảng Bình','Electrical Engineering','1998-08-27','300003',N'Hồ Chí Minh',N'Kỹ sư điện');
INSERT INTO NHAKHOAHOC VALUES (N'Thái Khắc Đức',N'An','ankhacthai@gmail.com',N'Đà Lạt','Electrical Engineering','1993-12-08','300004',N'Hồ Chí Minh',N'Kỹ sư điện');
INSERT INTO NHAKHOAHOC VALUES (N'Lương Thị Hồng',N'Vân','hongvan987@gmail.com',N'Hồ Chí Minh','Mechanical Engineering','1991-03-04','300005',N'Hồ Chí Minh',N'Kỹ sư cơ khí');
INSERT INTO NHAKHOAHOC VALUES (N'Mai Thị Khánh',N'Huyền','HuyenKhanh@gmail.com',N'Vũng Tàu','Computer Science','1990-06-28','300006',N'Hồ Chí Minh',N'Senior');
INSERT INTO NHAKHOAHOC VALUES (N'Đặng Phước Vĩnh',N'Hưng','vihu012@gmail.com',N'Hồ Chí Minh','Architecture','2000-02-29','300007',N'Hồ Chí Minh',N'Kiến trúc sư');
INSERT INTO NHAKHOAHOC VALUES (N'Tô Thanh',N'Phong','ttphong0121@gmail.com',N'Hà Nội','Computer Engineering','1999-07-24','300008',N'Hà Nội','Junior programming');
INSERT INTO NHAKHOAHOC VALUES (N'Võ Trịnh Xuân',N'Nguyên','nguyenvotrinh@gmail.com',N'Huế','Computer Engineering','1999-05-04','300009',N'Hồ Chí Minh',N'Thiết bị nhúng'); 
INSERT INTO NHAKHOAHOC VALUES ('Kim So','Huyn','nguyenvotrinh@gmail.com','Busan','Architecture','1999-01-20','300010',N'Hà Nội',N'Kiến trúc sư'); 
INSERT INTO NHAKHOAHOC VALUES ('Lee Min','Ho','nguyenvotrinh@gmail.com','Seoul','Computer Science','2001-01-23','300011',N'Hà Nội','Senior'); 

--------------------------------------------------
-- INSERT BIENTAPVIEN : ID - Email cơ quan
INSERT INTO BIENTAPVIEN VALUES ('quachminhtuan@publication.com','100001');
INSERT INTO BIENTAPVIEN VALUES ('nguyenthanhnhan@publication.com','100002');
INSERT INTO BIENTAPVIEN VALUES ('lephuloc@publication.com','100003');
INSERT INTO BIENTAPVIEN VALUES ('nguyenphuckieuly@publication.com','100004');
INSERT INTO BIENTAPVIEN VALUES ('voanhnguyen@publication.com','100005');
INSERT INTO BIENTAPVIEN VALUES ('vohongphuc@publication.com','100006');

-- INSERT NGUOIPHANBIEN : ID - Email cơ quan - SDT - TRINH DO - NGAYCONGTAC
INSERT INTO NGUOIPHANBIEN VALUES ('200001','nguyentruonghaidang@publication.com','0734851321','TIENSI','2001-7-2');
INSERT INTO NGUOIPHANBIEN VALUES ('200002','truongyennhi@publication.com','0734852341','GIAOSU','2001-8-4');
INSERT INTO NGUOIPHANBIEN VALUES ('200003','luungocthuyan@publication.com','0734852381','THACSI','2001-9-6');
INSERT INTO NGUOIPHANBIEN VALUES ('200004','lythanhbach@publication.com','0734842321','PHOGIAOSU','2001-10-8');
INSERT INTO NGUOIPHANBIEN VALUES ('200005','ngolequocdung@publication.com','0734852381','THACSI','2001-12-10');
INSERT INTO NGUOIPHANBIEN VALUES ('200006','chautranhongha@publication.com','0734852391','TIENSI','2001-12-13');
INSERT INTO NGUOIPHANBIEN VALUES ('200007','luongthiquynhhuong@publication.com','0734802321','PHOGIAOSU','2001-2-1');
INSERT INTO NGUOIPHANBIEN VALUES ('200008','nguyengiakhiem@publication.com','0734852351','TIENSI','2001-2-16');

-- INSERT TACGIA: NHAKHOAHOC_ID
INSERT INTO TACGIA VALUES ('200002');
INSERT INTO TACGIA VALUES ('300001');
INSERT INTO TACGIA VALUES ('300002');
INSERT INTO TACGIA VALUES ('300003');
INSERT INTO TACGIA VALUES ('300004');
INSERT INTO TACGIA VALUES ('300005');
INSERT INTO TACGIA VALUES ('300006');
INSERT INTO TACGIA VALUES ('300007');
INSERT INTO TACGIA VALUES ('300008');
INSERT INTO TACGIA VALUES ('300009');
INSERT INTO TACGIA VALUES ('300010');
INSERT INTO TACGIA VALUES ('300011');

-- TÁC GIẢ LIÊN LẠC: 
INSERT INTO TACGIALIENLAC VALUES ('200002');
INSERT INTO TACGIALIENLAC VALUES ('300001');
INSERT INTO TACGIALIENLAC VALUES ('300004');
INSERT INTO TACGIALIENLAC VALUES ('300002');
INSERT INTO TACGIAlIENLAC VALUES ('300003');

-- INSERT INTO NGUOICOQUYENPHANBIEN VALUES ('TIENSI','0734852321','23-1-2001','100001');

-- INSERT INTO NGUOICOQUYENPHANBIEN VALUES ('GIAOSU','0734854321','24-2-2001','100002');
-- INSERT INTO NGUOICOQUYENPHANBIEN VALUES ('THACSI','0733852321','25-3-2001','100003');
-- INSERT INTO NGUOICOQUYENPHANBIEN VALUES ('PHOGIAOSU','0334852321','26-4-2001','100004');
-- INSERT INTO NGUOICOQUYENPHANBIEN VALUES ('TIENSI','0734952321','27-5-2001','100005');
-- INSERT INTO NGUOICOQUYENPHANBIEN VALUES ('THACSI','0734152321','28-6-2001','100006');

-- NGUOIPHANBIEN

-- INSERT INTO NGUOICOQUYENPHANBIEN VALUES ('TIENSI','0734851321','2-7-2001','200001');
-- INSERT INTO NGUOICOQUYENPHANBIEN VALUES ('GIAOSU','0734852341','4-8-2001','200002');
-- INSERT INTO NGUOICOQUYENPHANBIEN VALUES ('THACSI','0734852381','6-9-2001','200003');
-- INSERT INTO NGUOICOQUYENPHANBIEN VALUES ('PHOGIAOSU','0734842321','8-10-2001','200004');
-- INSERT INTO NGUOICOQUYENPHANBIEN VALUES ('THACSI','0734852381','10-12-2001','200005');
-- INSERT INTO NGUOICOQUYENPHANBIEN VALUES ('TIENSI','0734852391','12-13-2001','200006');
-- INSERT INTO NGUOICOQUYENPHANBIEN VALUES ('PHOGIAOSU','0734802321','1-2-2001','200007');
-- INSERT INTO NGUOICOQUYENPHANBIEN VALUES ('TIENSI','0734852351','16-1-2001','200008');



-- INSERT NGUOICOQUYENTACGIA: (ID)
-- INSERT INTO NGUOICOQUYENTACGIA VALUES ('300001')
-- INSERT INTO NGUOICOQUYENTACGIA VALUES ('300002')
-- INSERT INTO NGUOICOQUYENTACGIA VALUES ('300003')
-- INSERT INTO NGUOICOQUYENTACGIA VALUES ('300004')
-- INSERT INTO NGUOICOQUYENTACGIA VALUES ('300005')
-- INSERT INTO NGUOICOQUYENTACGIA VALUES ('300006')
-- INSERT INTO NGUOICOQUYENTACGIA VALUES ('300007')
-- INSERT INTO NGUOICOQUYENTACGIA VALUES ('300008')
-- INSERT INTO NGUOICOQUYENTACGIA VALUES ('300009')
-- INSERT INTO NGUOICOQUYENTACGIA VALUES ('300010')
-- INSERT INTO NGUOICOQUYENTACGIA VALUES ('300011')
-- NGUOIPHANBIEN
-- INSERT INTO NGUOICOQUYENTACGIA VALUES ('200001');
-- INSERT INTO NGUOICOQUYENTACGIA VALUES ('200002');
-- INSERT INTO NGUOICOQUYENTACGIA VALUES ('200003');
-- INSERT INTO NGUOICOQUYENTACGIA VALUES ('200004');
-- INSERT INTO NGUOICOQUYENTACGIA VALUES ('200005');
-- INSERT INTO NGUOICOQUYENTACGIA VALUES ('200006');
-- INSERT INTO NGUOICOQUYENTACGIA VALUES ('200007');	
-- INSERT INTO NGUOICOQUYENTACGIA VALUES ('200008');

--------------------------------------------------
-- INSERT BAIBAO : ID_BAIBAO(axxxxx), TRANGthaixuly('HOANTATPHANBIEN', 'PHANHOIPHANBIEN', 'PHANBIEN', 'XUATBAN', 'DADANG')
-- ,File bài báo, tiêu đề, tóm tắt, tổng số trang (3-20)
-- Machine Learning and Deep learning algorithm: Monte Carlo tree search, turnbase, minimax
/*	+ Length của bài nghiên cứu: 10-20 trang
	+ Length của bài tổng quan: 3-10 trang
	+ Length của bài phản biện sách: 3-6 trang */

-- 20 Bài - Đã hoàn thành or not, và thuộc nhiều loại, 5 năm gần đây.
-- Gồm 3 loại, 5 trạng thái xử lý: PHANBIEN -> PHANHOIPHANBIEN -> HOANTATPHANBIEN -> XUATBAN -> DADANG

-- Nghiên cứu
INSERT INTO BAIBAO VALUES ('a00001','DADANG','CNN.pdf','Convolutional Neural Networks','A basic technique of model in deep learning for image processing','12','200002','2016-3-1')
INSERT INTO BAIBAO VALUES ('a00002','DADANG','LSTM.pdf','Long Short Term Memory Networks','A basic technique of model in deep learning for natural language','18','300001','2016-4-1')
INSERT INTO BAIBAO VALUES ('a00003','DADANG','RNN.pdf','Recurrent Neural Networks','A basic technique of model in deep learning ','14','300002','2016-3-12')
INSERT INTO BAIBAO VALUES ('a00004','DADANG','GAN.pdf','Generative Adversarial Networks','A basic technique of model in deep learning','15','300003','2016-7-19')
INSERT INTO BAIBAO VALUES ('a00005','XUATBAN','MLP.pdf','Multilayer Perceptrons','A basic technique of model in deep learning','10','300004','2016-4-18')
INSERT INTO BAIBAO VALUES ('a00006','XUATBAN','RBFN.pdf','Radial Basis Function Networks','A basic technique of model in deep learning','20','200002','2016-5-7')
INSERT INTO BAIBAO VALUES ('a00007','XUATBAN','SOM.pdf','Self Organizing Maps','A basic technique of model in deep learning','12','300001','2016-10-8')
INSERT INTO BAIBAO VALUES ('a00008','HOANTATPHANBIEN','DBN.pdf','Deep Belief Networks','A basic technique of model in deep learning','13','300002','2016-3-19')
INSERT INTO BAIBAO VALUES ('a00009','HOANTATPHANBIEN','RBM.pdf','Restricted Boltzmann Machines ','A basic technique of model in deep learning','11','300003','2016-4-21')
INSERT INTO BAIBAO VALUES ('a00010','HOANTATPHANBIEN','DAE.pdf','Denoising Autoencode','A basic technique of model in deep learning','15','300004','2016-7-8')
INSERT INTO BAIBAO VALUES ('a00011','PHANBIEN','MTCS.pdf','Monte Carlo Tree Search','Reinforcement algorithms in Turnbase game','17','200002','2016-1-30')
INSERT INTO BAIBAO VALUES ('a00012','PHANHOIPHANBIEN','Minimax.pdf','Minimax algorithm','A basic technique in Turnbase game','18','300001','2016-12-19')
INSERT INTO BAIBAO VALUES ('a00013','PHANHOIPHANBIEN','AlphaZero.pdf','Alpha Zero','Neural network in Turnbase game','12','300002','2016-8-3')
INSERT INTO BAIBAO VALUES ('a00014','PHANBIEN','Q-learning.pdf','Q-learning','Reinforcement algorithms in Turnbase game','18','300003','2016-7-15')
INSERT INTO BAIBAO VALUES ('a00015','PHANBIEN','Genetic.pdf','Genetic Algorithm','Genetic algorithms in Turnbase game','19','300004','2016-10-21')

-- Tổng quan
INSERT INTO BAIBAO VALUES ('a10001','DADANG','LR.pdf','Linear Regression','A basic algorithm in machine learning','7','300001','2016-6-1')
INSERT INTO BAIBAO VALUES ('a10002','DADANG','Decision_Tree.pdf','Decision Tree','A basic algorithm in machine learning','10','200002','2016-12-21')
INSERT INTO BAIBAO VALUES ('a10003','XUATBAN','SVM.pdf','Support Vector Machine','A basic algorithm in machine learning','6','300002','2016-6-19')
INSERT INTO BAIBAO VALUES ('a10004','DADANG','Naive Bayes.pdf','Naive Bayes','A basic algorithm in machine learning','8','300003','2016-8-20')
INSERT INTO BAIBAO VALUES ('a10005','HOANTATPHANBIEN','kNN.pdf','k-Nearest Neighbors','A basic algorithm in machine learning','7','300004','2016-3-31')
INSERT INTO BAIBAO VALUES ('a10006','HOANTATPHANBIEN','Random_forest.pdf','Random Forest','A basic algorithm in machine learning','9','200002','2016-2-14')
INSERT INTO BAIBAO VALUES ('a10007','PHANHOIPHANBIEN','DRA.pdf','Dimensionality Reduction Algorithms','A basic technique for reducing dimension','8','300003','2016-3-2')
INSERT INTO BAIBAO VALUES ('a10008','PHANBIEN','XGBoost.pdf','XGBoost','A basic algorithm in machine learning','6','300004','2016-4-10')


-- Phản biện sách
INSERT INTO BAIBAO VALUES ('a20001','DADANG',N'PB_Đắc_nhân_tâm.pdf',N'Phản biện sách Đắc nhân tâm',N'Đắc Nhân Tâm của tác giả Dale Carnegie được mệnh danh là một trong những quyển sách hay nhất, bán chạy nhất và có tầm ảnh hưởng nhất mọi thời đại. Đây thực sự  là một cuốn sách tuyệt với mang lại nhiều giá trị cho người đọc về nghệ thuật thu phục lòng người khiến cho những người xung quanh phải khâm phục và yêu mến mình.','6','200002','2016-7-21') --– Dale Carnegie

INSERT INTO BAIBAO VALUES ('a20002','DADANG',N'PB_Điều ý nghĩa nhất trong từng khoảnh khắc cuộc đời.pdf',N'Phản biện sách Điều ý nghĩa nhất trong từng khoảnh khắc cuộc đời',N'Nếu Điều ý nghĩa nhất trong từng khoảnh khắc cuộc đời (có tên tiếng Anh là The One Thing) không nằm trong danh sách những cuốn sách hay giúp thay đổi cuộc đời bạn thì quả thật là một thiếu sót nghiêm trong. Đây là cuốn sách có tầm ảnh hưởng và đã làm thay đổi cuộc đời của hàng triệu người.','3','300004','2017-9-21') --- Gary Keller và Jay Papasan


INSERT INTO BAIBAO VALUES ('a20003','XUATBAN',N'PB_Đời thay đổi khi chúng ta thay đổi.pdf',N'Phản biện sách Đời thay đổi khi chúng ta thay đổi',N'Đời thay đổi khi chúng ta thay đổi của tác giả Andrew Matthews là một quyển sách hay mà ai cũng nên đọc một lần trong đời để thay đổi cuộc sống của mình, đặc biệt là những ai có lối sống tiêu cực.','4','300001','2016-8-8') --– Andrew Matthews

INSERT INTO BAIBAO VALUES ('a20004','HOANTATPHANBIEN',N'PB_Dám nghĩ lớn.pdf',N'Phản biện sách Dám nghĩ lớn',N'Dám nghĩ lớn có tên tiếng Anh là The Magic of Thinking Big là một quyển sách hay đã làm thay đổi cuộc đời của rất nhiều người một cách kỳ diệu nhất. Cuốn sách được sáng tác bởi nhà văn David Joseph Schwartz đồng thời vừa là một vị giáo sư Đại học tại bang Georgia – Mỹ.','3','300002','2016-10-11') --David J. Schwartz

INSERT INTO BAIBAO VALUES ('a20005','PHANHOIPHANBIEN',N'PB_Nhà giả kim.pdf',N'Phản biện sách Nhà giả kim',N'Một trong những cuốn sách hay giúp thay đổi cuộc đời mà bạn không thể không nhắc đến đó là Nhà giả Kim của tác giả Paulo Coelho. Tác phẩm nói về hành trình đi tìm vận mệnh và chinh phục ước mơ của chàng trai Santiago. Với những câu chuyện sâu sắc được lồng ghép trong tác phẩm giúp người đọc có thể hiểu rõ hơn về tình yêu, về bản chất con người, về lẽ sống, về ước mơ, ...','4','300003','2016-12-10') --- Paulo Coelho 

INSERT INTO BAIBAO VALUES ('a20006','PHANBIEN',N'PB_Thức tỉnh mục đích sống.pdf',N'Phản biện sách Thức tỉnh mục đích sống',N'Thức tỉnh mục đích sống của tác giả Eckhart Tolle được mệnh danh là một cuốn sách hay làm bừng tỉnh cả thế giới. Quyển sách mang lại cho chúng ta cái nhìn tổng hợp nhất về con người.','5','200002','2016-1-15') -- - Eckhart Tolle


------------------- Nghiên Cứu - Tổng quan - Phản biện sách
-- NGHIENCUU
INSERT INTO NGHIENCUU VALUES ('a00001')
INSERT INTO NGHIENCUU VALUES ('a00002')
INSERT INTO NGHIENCUU VALUES ('a00003')
INSERT INTO NGHIENCUU VALUES ('a00004')
INSERT INTO NGHIENCUU VALUES ('a00005')
INSERT INTO NGHIENCUU VALUES ('a00006')
INSERT INTO NGHIENCUU VALUES ('a00007')
INSERT INTO NGHIENCUU VALUES ('a00008')
INSERT INTO NGHIENCUU VALUES ('a00009')
INSERT INTO NGHIENCUU VALUES ('a00010')
INSERT INTO NGHIENCUU VALUES ('a00011')
INSERT INTO NGHIENCUU VALUES ('a00012')
INSERT INTO NGHIENCUU VALUES ('a00013')
INSERT INTO NGHIENCUU VALUES ('a00014')
INSERT INTO NGHIENCUU VALUES ('a00015')

--TONGQUAN
INSERT INTO TONGQUAN VALUES ('a10001')
INSERT INTO TONGQUAN VALUES ('a10002')
INSERT INTO TONGQUAN VALUES ('a10003')
INSERT INTO TONGQUAN VALUES ('a10004')
INSERT INTO TONGQUAN VALUES ('a10005')
INSERT INTO TONGQUAN VALUES ('a10006')
INSERT INTO TONGQUAN VALUES ('a10007')
INSERT INTO TONGQUAN VALUES ('a10008')

--PHANBIENSACH (ISBN-10, tên sách, NXB, năm xuất bản, ID)
INSERT INTO PHANBIENSACH VALUES ('3-598-21500-2',N'Đắc Nhân Tâm',N'Nhà xuất bản Hà Nội','2016','a20001')
INSERT INTO PHANBIENSACH VALUES ('3-598-21501-0',N'Điều ý nghĩa nhất trong từng khoảnh khắc cuộc đời',N'Nhà xuất bản Giáo dục','2015','a20002')
INSERT INTO PHANBIENSACH VALUES ('3-598-21502-9',N'Đời thay đổi khi chúng ta thay đổi',N'Nhà xuất bản Văn học','2009','a20003')
INSERT INTO PHANBIENSACH VALUES ('3-598-21503-7',N'Dám nghĩ lớn',N'Nhà xuất bản Giáo dục','2011','a20004')
INSERT INTO PHANBIENSACH VALUES ('3-598-21504-5',N'Nhà giả kim',N'Nhà xuất bản Văn học','2020','a20005')
INSERT INTO PHANBIENSACH VALUES ('3-598-21505-3',N'Thức tỉnh mục đích sống',N'Nhà xuất bản Hà Nội','2006','a20006')


-------------------- INSERT TU_KHOA (ID_BAIBAO,TU_KHOA) (ID_baibao, từ khóa)

INSERT INTO TU_KHOA (ID_BAIBAO,TU_KHOA) VALUES ('a00001','Convolutional Neural Networks')
INSERT INTO TU_KHOA (ID_BAIBAO,TU_KHOA) VALUES ('a00001','CNN')
INSERT INTO TU_KHOA (ID_BAIBAO,TU_KHOA) VALUES ('a00001','Deep Learning CNN')

INSERT INTO TU_KHOA (ID_BAIBAO,TU_KHOA) VALUES ('a00002','Long Short Term Memory Networks')
INSERT INTO TU_KHOA (ID_BAIBAO,TU_KHOA) VALUES ('a00002','LSTM')
INSERT INTO TU_KHOA (ID_BAIBAO,TU_KHOA) VALUES ('a00002','Deep Learning LSTM')
INSERT INTO TU_KHOA (ID_BAIBAO,TU_KHOA) VALUES ('a00002','NLP_LSTM')

INSERT INTO TU_KHOA (ID_BAIBAO,TU_KHOA) VALUES ('a00003','Recurrent Neural Networks')
INSERT INTO TU_KHOA (ID_BAIBAO,TU_KHOA) VALUES ('a00003','RNN')
INSERT INTO TU_KHOA (ID_BAIBAO,TU_KHOA) VALUES ('a00003','Sequential_RNN')

INSERT INTO TU_KHOA (ID_BAIBAO,TU_KHOA) VALUES ('a00004','GAN')
INSERT INTO TU_KHOA (ID_BAIBAO,TU_KHOA) VALUES ('a00004','Generative Adversarial Networks')

INSERT INTO TU_KHOA (ID_BAIBAO,TU_KHOA) VALUES ('a00005','Multilayer Perceptrons')
INSERT INTO TU_KHOA (ID_BAIBAO,TU_KHOA) VALUES ('a00005','MLP')

INSERT INTO TU_KHOA (ID_BAIBAO,TU_KHOA) VALUES ('a00006','Radial Basis Function Networks')
INSERT INTO TU_KHOA (ID_BAIBAO,TU_KHOA) VALUES ('a00006','RBFN')

INSERT INTO TU_KHOA (ID_BAIBAO,TU_KHOA) VALUES ('a00007','Self Organizing Maps')
INSERT INTO TU_KHOA (ID_BAIBAO,TU_KHOA) VALUES ('a00007','SOM')

INSERT INTO TU_KHOA (ID_BAIBAO,TU_KHOA) VALUES ('a00008','DBN')
INSERT INTO TU_KHOA (ID_BAIBAO,TU_KHOA) VALUES ('a00008','Deep Belief Networks')

INSERT INTO TU_KHOA (ID_BAIBAO,TU_KHOA) VALUES ('a00009','Restricted Boltzmann Machines')
INSERT INTO TU_KHOA (ID_BAIBAO,TU_KHOA) VALUES ('a00009','RBM')

INSERT INTO TU_KHOA (ID_BAIBAO,TU_KHOA) VALUES ('a00010','Denoising Autoencode')
INSERT INTO TU_KHOA (ID_BAIBAO,TU_KHOA) VALUES ('a00010','DAE')

INSERT INTO TU_KHOA (ID_BAIBAO,TU_KHOA) VALUES ('a00011','Monte Carlo Tree Search')
INSERT INTO TU_KHOA (ID_BAIBAO,TU_KHOA) VALUES ('a00011','MTCS')

INSERT INTO TU_KHOA (ID_BAIBAO,TU_KHOA) VALUES ('a00012','Minimax')
INSERT INTO TU_KHOA (ID_BAIBAO,TU_KHOA) VALUES ('a00012','Minimax algorithm')

INSERT INTO TU_KHOA (ID_BAIBAO,TU_KHOA) VALUES ('a00013','Alpha Zero')

INSERT INTO TU_KHOA (ID_BAIBAO,TU_KHOA) VALUES ('a00014','Q-learning')

INSERT INTO TU_KHOA (ID_BAIBAO,TU_KHOA) VALUES ('a00015','Genetic Algorithm')

-- Tổng quan
INSERT INTO TU_KHOA (ID_BAIBAO,TU_KHOA) VALUES ('a10001','Linear Regression')
INSERT INTO TU_KHOA (ID_BAIBAO,TU_KHOA) VALUES ('a10002','Decision Tree')
INSERT INTO TU_KHOA (ID_BAIBAO,TU_KHOA) VALUES ('a10003','Support Vector Machine')
INSERT INTO TU_KHOA (ID_BAIBAO,TU_KHOA) VALUES ('a10003','SVM')

INSERT INTO TU_KHOA (ID_BAIBAO,TU_KHOA) VALUES ('a10004','Naive Bayes')

INSERT INTO TU_KHOA (ID_BAIBAO,TU_KHOA) VALUES ('a10005','k-Nearest Neighbors')
INSERT INTO TU_KHOA (ID_BAIBAO,TU_KHOA) VALUES ('a10005','kNN')

INSERT INTO TU_KHOA (ID_BAIBAO,TU_KHOA) VALUES ('a10006','Random Forest')
INSERT INTO TU_KHOA (ID_BAIBAO,TU_KHOA) VALUES ('a10007','Dimensionality Reduction Algorithms')
INSERT INTO TU_KHOA (ID_BAIBAO,TU_KHOA) VALUES ('a10007','DRA')

INSERT INTO TU_KHOA (ID_BAIBAO,TU_KHOA) VALUES ('a10008','XGBoost')

-- Phản biện sách
INSERT INTO TU_KHOA (ID_BAIBAO,TU_KHOA) VALUES ('a20001',N'Phản biện sách Đắc nhân tâm') --– Dale Carnegie
INSERT INTO TU_KHOA (ID_BAIBAO,TU_KHOA) VALUES ('a20001',N'PB_Đắc_nhân_tâm')

INSERT INTO TU_KHOA (ID_BAIBAO,TU_KHOA) VALUES ('a20002',N'Phản biện sách Điều ý nghĩa nhất trong từng khoảnh khắc cuộc đời') --- Gary Keller và Jay Papasan
INSERT INTO TU_KHOA (ID_BAIBAO,TU_KHOA) VALUES ('a20002',N'PB_Điều ý nghĩa nhất trong từng khoảnh khắc cuộc đời')

INSERT INTO TU_KHOA (ID_BAIBAO,TU_KHOA) VALUES ('a20003',N'PB_Đời thay đổi khi chúng ta thay đổi') --– Andrew Matthews
INSERT INTO TU_KHOA (ID_BAIBAO,TU_KHOA) VALUES ('a20003',N'Phản biện sách Đời thay đổi khi chúng ta thay đổi')

INSERT INTO TU_KHOA (ID_BAIBAO,TU_KHOA) VALUES ('a20004',N'Phản biện sách Dám nghĩ lớn') --David J. Schwartz
INSERT INTO TU_KHOA (ID_BAIBAO,TU_KHOA) VALUES ('a20004',N'PB_Dám nghĩ lớn')

INSERT INTO TU_KHOA (ID_BAIBAO,TU_KHOA) VALUES ('a20005',N'PB_Nhà giả kim') --- Paulo Coelho 
INSERT INTO TU_KHOA (ID_BAIBAO,TU_KHOA) VALUES ('a20005',N'Phản biện sách Nhà giả kim')

INSERT INTO TU_KHOA (ID_BAIBAO,TU_KHOA) VALUES ('a20006',N'PB_Thức tỉnh mục đích sống') -- - Eckhart Tolle
INSERT INTO TU_KHOA (ID_BAIBAO,TU_KHOA) VALUES ('a20006',N'Phản biện sách Thức tỉnh mục đích sống')


--------------------
-- INSERT INTO PHANBIENSACHHASTACGIABAIBAO VALUES (ISBN, ID_bài báo, họ tên tác giả)
INSERT INTO PHANBIENSACHHASTACGIABAIBAO VALUES ('3-598-21500-2','a20001','Dale Carnegie')

INSERT INTO PHANBIENSACHHASTACGIABAIBAO VALUES ('3-598-21501-0','a20002','Jay Papasan')
INSERT INTO PHANBIENSACHHASTACGIABAIBAO VALUES ('3-598-21501-0','a20002','Gary Keller')

INSERT INTO PHANBIENSACHHASTACGIABAIBAO VALUES ('3-598-21502-9','a20003','Andrew Matthews')
INSERT INTO PHANBIENSACHHASTACGIABAIBAO VALUES ('3-598-21503-7','a20004','David J. Schwartz')
INSERT INTO PHANBIENSACHHASTACGIABAIBAO VALUES ('3-598-21504-5','a20005','Paulo Coelho')
INSERT INTO PHANBIENSACHHASTACGIABAIBAO VALUES ('3-598-21505-3','a20006','Eckhart Tolle')


-- ********************************************
--------------------------------------------------



-- INSERT NGUOICOQUYENPHANBIEN : ID (BIENTAPVIEN + NGUOIPHANBIEN)

-- Adding information about TRINHDO, SDT, NGAYCONGTAC as well as NHAKHOAHOC_ID

-- BIENTAPVIEN



-- INSERT NGUOICOQUYENTACGIA : ID (TACGIA + NGUOIPHANBIEN)
-- TACGIA
-- INSERT INTO NGUOICOQUYENTACGIA VALUES ('300001')
-- INSERT INTO NGUOICOQUYENTACGIA VALUES ('300002')
-- INSERT INTO NGUOICOQUYENTACGIA VALUES ('300003')
-- INSERT INTO NGUOICOQUYENTACGIA VALUES ('300004')
-- INSERT INTO NGUOICOQUYENTACGIA VALUES ('300005')
-- INSERT INTO NGUOICOQUYENTACGIA VALUES ('300006')
-- INSERT INTO NGUOICOQUYENTACGIA VALUES ('300007')
-- INSERT INTO NGUOICOQUYENTACGIA VALUES ('300008')
-- INSERT INTO NGUOICOQUYENTACGIA VALUES ('300009')
-- INSERT INTO NGUOICOQUYENTACGIA VALUES ('300010')
-- INSERT INTO NGUOICOQUYENTACGIA VALUES ('300011')
-- NGUOIPHANBIEN
-- INSERT INTO NGUOICOQUYENTACGIA VALUES ('200001');
-- INSERT INTO NGUOICOQUYENTACGIA VALUES ('200002');
-- INSERT INTO NGUOICOQUYENTACGIA VALUES ('200003');
-- INSERT INTO NGUOICOQUYENTACGIA VALUES ('200004');
-- INSERT INTO NGUOICOQUYENTACGIA VALUES ('200005');
-- INSERT INTO NGUOICOQUYENTACGIA VALUES ('200006');
-- INSERT INTO NGUOICOQUYENTACGIA VALUES ('200007');
-- INSERT INTO NGUOICOQUYENTACGIA VALUES ('200008');




--------------------------------------
-- Bài phản biện: Được phản biện
-- INSERT FORMAT: BAIPHANBIENID (4xxxxx) - ID_BAIBAO - GHICHU_TACGIA - GHICHU_BANBIENTAP - NGAYTHONGBAO - KQ - CACCHITIETKHAC
-- KETQUABAIPHANBIEN: 'REJECTION', 'MINOR_REVISION', 'MAJOR_REVISION', 'ACCEPTANCE'
INSERT INTO BAIPHANBIEN VALUES ('400001','a10001',N'Need some more documents',N'Postpone until enough docs','2019-5-28','MINOR_REVISION','Nothing');
INSERT INTO BAIPHANBIEN VALUES ('400002','a20001',N'Good',N'Defend thesis next week','2018-4-23','MINOR_REVISION','Need full inspections');
INSERT INTO BAIPHANBIEN VALUES ('400003','a10003',N'Verify the reference',N'OK','2020-2-18','MAJOR_REVISION','Nothing');
INSERT INTO BAIPHANBIEN VALUES ('400004','a10007',N'OK',N'completed','2018-9-6','ACCEPTANCE',N'Deliver to IEEE for publish');
INSERT INTO BAIPHANBIEN VALUES ('400005','a20002',N'OK',N'Delay until nextweek','2018-9-10','REJECTION',N'None');




---------------------------------------
-- Thực hiện phản biện 
-- Format: BAIPHANBIEN_ID + ID_BAIBAO + NHAKHOAHOC_ID

INSERT INTO THUCHIENPHANBIEN VALUES ('400004', 'a10007', '200004');
INSERT INTO THUCHIENPHANBIEN VALUES ('400002', 'a20001', '200002');
INSERT INTO THUCHIENPHANBIEN VALUES ('400002', 'a20001', '200005');
INSERT INTO THUCHIENPHANBIEN VALUES ('400002', 'a20001', '200007');


-- Tiêu chí: Hình thức, tính khả thi, tính thuyết phục, tính chính xác
-- INSERT TABLE THUCHIENPHANBIEN_TIEUCHIPHANBIEN
-- INSERT FORMAT: MOTA - DIEM - BAIPHANBIEN_ID (4xxxxx) - ID_BAIBAO - NHAKHOAHOC_ID
-- MOTA: Val_Rule_TIEUCHI: 'HINHTHUC', 'TINHKHATHI', 'TINHTHUYETPHUC', 'TINHCHINHXAC'
-- DIEMTIEUCHI : 0-100

INSERT INTO THUCHIENPHANBIEN_TIEUCHIPHANBIEN VALUES('HINHTHUC', 78, '400004', 'a10007','200004')
INSERT INTO THUCHIENPHANBIEN_TIEUCHIPHANBIEN VALUES('TINHKHATHI', 80, '400004', 'a10007','200004')
INSERT INTO THUCHIENPHANBIEN_TIEUCHIPHANBIEN VALUES('TINHTHUYETPHUC', 85, '400004', 'a10007','200004')
INSERT INTO THUCHIENPHANBIEN_TIEUCHIPHANBIEN VALUES('TINHCHINHXAC', 79, '400004', 'a10007','200004')

INSERT INTO THUCHIENPHANBIEN_TIEUCHIPHANBIEN VALUES('HINHTHUC', 90, '400002', 'a20001','200002')
INSERT INTO THUCHIENPHANBIEN_TIEUCHIPHANBIEN VALUES('TINHKHATHI', 94, '400002', 'a20001','200002')
INSERT INTO THUCHIENPHANBIEN_TIEUCHIPHANBIEN VALUES('TINHTHUYETPHUC', 85, '400002', 'a20001','200002')
INSERT INTO THUCHIENPHANBIEN_TIEUCHIPHANBIEN VALUES('TINHCHINHXAC', 87, '400002', 'a20001','200002')


INSERT INTO THUCHIENPHANBIEN_TIEUCHIPHANBIEN VALUES('HINHTHUC', 95, '400002', 'a20001','200005')
INSERT INTO THUCHIENPHANBIEN_TIEUCHIPHANBIEN VALUES('TINHKHATHI', 90, '400002', 'a20001','200005')
INSERT INTO THUCHIENPHANBIEN_TIEUCHIPHANBIEN VALUES('TINHTHUYETPHUC', 85, '400002', 'a20001','200005')
INSERT INTO THUCHIENPHANBIEN_TIEUCHIPHANBIEN VALUES('TINHCHINHXAC', 91, '400002', 'a20001','200005')


INSERT INTO THUCHIENPHANBIEN_TIEUCHIPHANBIEN VALUES('HINHTHUC', 98, '400002', 'a20001','200007')
INSERT INTO THUCHIENPHANBIEN_TIEUCHIPHANBIEN VALUES('TINHKHATHI', 100, '400002', 'a20001','200007')
INSERT INTO THUCHIENPHANBIEN_TIEUCHIPHANBIEN VALUES('TINHTHUYETPHUC', 89, '400002', 'a20001','200007')
INSERT INTO THUCHIENPHANBIEN_TIEUCHIPHANBIEN VALUES('TINHCHINHXAC', 82, '400002', 'a20001','200007')
---------------------------------------



-- SÁNG TÁC:
-- Format: ID_BAIBAO + NHAKHOAHOC_ID

INSERT INTO SANGTAC VALUES ('a10001','300001');
INSERT INTO SANGTAC VALUES ('a10001','200002');
INSERT INTO SANGTAC VALUES ('a20001','200002');
INSERT INTO SANGTAC VALUES ('a20001','300010');
INSERT INTO SANGTAC VALUES ('a20001','300011');
INSERT INTO SANGTAC VALUES ('a10003','300002');
INSERT INTO SANGTAC VALUES ('a10003','300005');
INSERT INTO SANGTAC VALUES ('a10007','300003');
INSERT INTO SANGTAC VALUES ('a20002','300004');
INSERT INTO SANGTAC VALUES ('a00002','300001');
INSERT INTO SANGTAC VALUES ('a00002','300006');


-------------------------------------
-- Bài báo được chấp nhận
-- Format: DOI - ID_BAIBAO - DANGXUATBAN - NHAXUATBAN - NAMXUATBAN

INSERT INTO BAIBAODADUOCCHAPNHAN VALUES ('10.1080/15588742.2010. 1017687','a10007','OPENACCESS','Oxford', 2010)
INSERT INTO BAIBAODADUOCCHAPNHAN VALUES ('10.1090/45589742.2015. 1017687','a20004','TRUYENTHONG',N'Đại học Quốc gia TP.HCM',2015);
INSERT INTO BAIBAODADUOCCHAPNHAN VALUES ('10.1090/45589742.2018. 4236274','a10008','OPENACCESS',N'MIT',2018);



----------------------------------------
-- Phân công phản biện
-- Format:BAIPHANBIEN_ID + ID_BAIBAO + NGAYPHANBIEN + DIADIEMPHANBIEN + NHAKHOAHOC_ID
INSERT INTO PHANCONGPHANBIEN VALUES ('400004', 'a10007', '2018-4-20','HOCHIMINH');
INSERT INTO PHANCONGPHANBIEN VALUES ('400002', 'a20001', '2017-10-21','HOCHIMINH');



---------------------------------------
-- Tạo Trigger




